ID,Type,SKU,Name,Published,"Is featured?","Visibility in catalog","Short description",Description,"Date sale price starts","Date sale price ends","Tax status","Tax class","In stock?",Stock,"Low stock amount","Backorders allowed?","Sold individually?","Weight (kg)","Length (cm)","Width (cm)","Height (cm)","Allow customer reviews?","Purchase note","Sale price","Regular price",Categories,Tags,"Shipping class",Images,"Download limit","Download expiry days",Parent,"Grouped products",Upsells,Cross-sells,"External URL","Button text",Position,"Meta: _wp_page_template","Meta: rs_page_bg_color","Attribute 1 name","Attribute 1 value(s)","Attribute 1 visible","Attribute 1 global","Attribute 2 name","Attribute 2 value(s)","Attribute 2 visible","Attribute 2 global"
44,simple,"REF. LA-44","Dream Body Cream",1,0,visible,"Duis aute irure dolor in reprehenderit in voluptate velit esse cillum dolore eu fugiat nulla pariatur. Excepteur sint occaecat cupidatat non proident, sunt in culpa qui officia deserunt mollit anim id est laborum.","<div class=""product_desc-row"">\n<div class=""product_desc-img""><img class=""alignnone size-full wp-image-1695"" src=""https://enzian.la-studioweb.com/wp-content/uploads/2022/03/product-detail-3.png"" alt=""Enzian"" width=""546"" height=""516"" /></div>\n<div class=""product_desc-desc"">\n<h4>We Love Beauty</h4>\nLorem ipsum dolor sit amet, consectetur adipiscing elit, sed do eiusmod tempor incididunt ut labore et dolore magna aliqua. Ut enim ad minim veniam, quis nostrud exercitation ullamco laboris nisi ut aliquip ex ea commodo consequat.\n\nLorem ipsum dolor sit amet, consectetur adipiscing elit, sed do eiusmod tempor incididunt ut labore et\n\n</div>\n</div>",,,taxable,,1,,,0,0,,,,,1,,,30,Skincare,"01 - Popular Product",,"https://enzian.la-studioweb.com/wp-content/uploads/2022/02/4.png, https://enzian.la-studioweb.com/wp-content/uploads/2022/03/m7-prod-5.png",,,,,,,,,0,default,,,,,,,,,
57,simple,"REF. LA-57","Instant Eye Palette",1,0,visible,"Duis aute irure dolor in reprehenderit in voluptate velit esse cillum dolore eu fugiat nulla pariatur. Excepteur sint occaecat cupidatat non proident, sunt in culpa qui officia deserunt mollit anim id est laborum.","<div class=""product_desc-row"">\n<div class=""product_desc-img""><img class=""alignnone size-full wp-image-1695"" src=""https://enzian.la-studioweb.com/wp-content/uploads/2022/03/product-detail-2.png"" alt=""Enzian"" width=""546"" height=""516"" /></div>\n<div class=""product_desc-desc"">\n<h4>We Love Beauty</h4>\nLorem ipsum dolor sit amet, consectetur adipiscing elit, sed do eiusmod tempor incididunt ut labore et dolore magna aliqua. Ut enim ad minim veniam, quis nostrud exercitation ullamco laboris nisi ut aliquip ex ea commodo consequat.\n\nLorem ipsum dolor sit amet, consectetur adipiscing elit, sed do eiusmod tempor incididunt ut labore et\n\n</div>\n</div>",,,taxable,,1,,,0,0,,,,,1,,,30,Makeup,"01 - Popular Product",,"https://enzian.la-studioweb.com/wp-content/uploads/2022/02/12.png, https://enzian.la-studioweb.com/wp-content/uploads/2022/02/3.png",,,,,,,,,0,default,,,,,,,,,
58,external,"REF. LA-58","Hair Treatment Oil",1,0,visible,"Duis aute irure dolor in reprehenderit in voluptate velit esse cillum dolore eu fugiat nulla pariatur. Excepteur sint occaecat cupidatat non proident, sunt in culpa qui officia deserunt mollit anim id est laborum.","<div class=""product_desc-row"">\n<div class=""product_desc-img""><img class=""alignnone size-full wp-image-1695"" src=""https://enzian.la-studioweb.com/wp-content/uploads/2022/03/product-detail-1.png"" alt=""Enzian"" width=""546"" height=""516"" /></div>\n<div class=""product_desc-desc"">\n<h4>We Love Beauty</h4>\nLorem ipsum dolor sit amet, consectetur adipiscing elit, sed do eiusmod tempor incididunt ut labore et dolore magna aliqua. Ut enim ad minim veniam, quis nostrud exercitation ullamco laboris nisi ut aliquip ex ea commodo consequat.\n\nLorem ipsum dolor sit amet, consectetur adipiscing elit, sed do eiusmod tempor incididunt ut labore et\n\n</div>\n</div>",,,taxable,,1,,,0,0,,,,,1,,,59,"Hair Care","01 - Popular Product",,"https://enzian.la-studioweb.com/wp-content/uploads/2022/02/6.png, https://enzian.la-studioweb.com/wp-content/uploads/2022/03/m5-prod-5.png",,,,,,,https://la-studioweb.com/theme-list/,,0,default,,,,,,,,,
59,simple,,"Moisturizing Lotion",1,0,visible,"Duis aute irure dolor in reprehenderit in voluptate velit esse cillum dolore eu fugiat nulla pariatur. Excepteur sint occaecat cupidatat non proident, sunt in culpa qui officia deserunt mollit anim id est laborum.","<div class=""product_desc-row"">\n<div class=""product_desc-img""><img src=""https://enzian.la-studioweb.com/wp-content/uploads/2022/03/product-detail-1.png"" alt=""Enzian"" width=""546"" height=""516"" class=""alignnone size-full wp-image-1695""/></div>\n<div class=""product_desc-desc"">\n<h4>We Love Beauty</h4>\n<p>Lorem ipsum dolor sit amet, consectetur adipiscing elit, sed do eiusmod tempor incididunt ut labore et dolore magna aliqua. Ut enim ad minim veniam, quis nostrud exercitation ullamco laboris nisi ut aliquip ex ea commodo consequat.</p>\n<p>Lorem ipsum dolor sit amet, consectetur adipiscing elit, sed do eiusmod tempor incididunt ut labore et </p>\n</div>\n</div>",,,taxable,,1,,,0,0,,,,,1,,,30,Skincare,"01 - Popular Product",,"https://enzian.la-studioweb.com/wp-content/uploads/2022/02/7.png, https://enzian.la-studioweb.com/wp-content/uploads/2022/02/6.png, https://enzian.la-studioweb.com/wp-content/uploads/2022/02/5.png, https://enzian.la-studioweb.com/wp-content/uploads/2022/02/3.png, https://enzian.la-studioweb.com/wp-content/uploads/2022/02/2.png, https://enzian.la-studioweb.com/wp-content/uploads/2022/02/1.png",,,,,,,,,0,default,,Brand,"Chanel, Dior, Estée Lauder, Gillette, Guerlain, L’oréal, M.a.c, Yves Saint Laurent",1,1,,,,
60,simple,"REF. LA-60","Power Bullet Matte",1,0,visible,"Duis aute irure dolor in reprehenderit in voluptate velit esse cillum dolore eu fugiat nulla pariatur. Excepteur sint occaecat cupidatat non proident, sunt in culpa qui officia deserunt mollit anim id est laborum.","<div class=""product_desc-row"">\n<div class=""product_desc-img""><img class=""alignnone size-full wp-image-1695"" src=""https://enzian.la-studioweb.com/wp-content/uploads/2022/03/product-detail-4.png"" alt=""Enzian"" width=""546"" height=""516"" /></div>\n<div class=""product_desc-desc"">\n<h4>We Love Beauty</h4>\nLorem ipsum dolor sit amet, consectetur adipiscing elit, sed do eiusmod tempor incididunt ut labore et dolore magna aliqua. Ut enim ad minim veniam, quis nostrud exercitation ullamco laboris nisi ut aliquip ex ea commodo consequat.\n\nLorem ipsum dolor sit amet, consectetur adipiscing elit, sed do eiusmod tempor incididunt ut labore et\n\n</div>\n</div>",,,taxable,,1,,,0,0,,,,,1,,,30,Lipstick,"01 - Popular Product",,"https://enzian.la-studioweb.com/wp-content/uploads/2022/02/1.png, https://enzian.la-studioweb.com/wp-content/uploads/2022/03/m6-prod-5.png",,,,,,,,,0,default,,,,,,,,,
61,simple,"REF. LA-61","Makeup Remover",1,0,visible,"Duis aute irure dolor in reprehenderit in voluptate velit esse cillum dolore eu fugiat nulla pariatur. Excepteur sint occaecat cupidatat non proident, sunt in culpa qui officia deserunt mollit anim id est laborum.","<div class=""product_desc-row"">\n<div class=""product_desc-img""><img class=""alignnone size-full wp-image-1695"" src=""https://enzian.la-studioweb.com/wp-content/uploads/2022/03/product-detail-3.png"" alt=""Enzian"" width=""546"" height=""516"" /></div>\n<div class=""product_desc-desc"">\n<h4>We Love Beauty</h4>\nLorem ipsum dolor sit amet, consectetur adipiscing elit, sed do eiusmod tempor incididunt ut labore et dolore magna aliqua. Ut enim ad minim veniam, quis nostrud exercitation ullamco laboris nisi ut aliquip ex ea commodo consequat.\n\nLorem ipsum dolor sit amet, consectetur adipiscing elit, sed do eiusmod tempor incididunt ut labore et\n\n</div>\n</div>",,,taxable,,1,,,0,0,,,,,1,,,30,Makeup,"01 - Popular Product",,"https://enzian.la-studioweb.com/wp-content/uploads/2022/02/9.png, https://enzian.la-studioweb.com/wp-content/uploads/2022/03/m6-prod-3.png",,,,,,,,,0,default,,,,,,,,,
62,simple,"REF. LA-62","Lip Sleeping Mask",1,0,visible,"Duis aute irure dolor in reprehenderit in voluptate velit esse cillum dolore eu fugiat nulla pariatur. Excepteur sint occaecat cupidatat non proident, sunt in culpa qui officia deserunt mollit anim id est laborum.","<div class=""product_desc-row"">\n<div class=""product_desc-img""><img class=""alignnone size-full wp-image-1695"" src=""https://enzian.la-studioweb.com/wp-content/uploads/2022/03/product-detail-2.png"" alt=""Enzian"" width=""546"" height=""516"" /></div>\n<div class=""product_desc-desc"">\n<h4>We Love Beauty</h4>\nLorem ipsum dolor sit amet, consectetur adipiscing elit, sed do eiusmod tempor incididunt ut labore et dolore magna aliqua. Ut enim ad minim veniam, quis nostrud exercitation ullamco laboris nisi ut aliquip ex ea commodo consequat.\n\nLorem ipsum dolor sit amet, consectetur adipiscing elit, sed do eiusmod tempor incididunt ut labore et\n\n</div>\n</div>",,,taxable,,1,,,0,0,,,,,1,,,30,Skincare,"01 - Popular Product",,"https://enzian.la-studioweb.com/wp-content/uploads/2022/02/5.png, https://enzian.la-studioweb.com/wp-content/uploads/2022/03/m2-prod-10.png",,,,,,,,,0,default,,,,,,,,,
63,simple,"REF. LA-63","Mini Eyeshadow Palette",1,0,visible,"Duis aute irure dolor in reprehenderit in voluptate velit esse cillum dolore eu fugiat nulla pariatur. Excepteur sint occaecat cupidatat non proident, sunt in culpa qui officia deserunt mollit anim id est laborum.","<div class=""product_desc-row"">\n<div class=""product_desc-img""><img class=""alignnone size-full wp-image-1695"" src=""https://enzian.la-studioweb.com/wp-content/uploads/2022/03/product-detail-1.png"" alt=""Enzian"" width=""546"" height=""516"" /></div>\n<div class=""product_desc-desc"">\n<h4>We Love Beauty</h4>\nLorem ipsum dolor sit amet, consectetur adipiscing elit, sed do eiusmod tempor incididunt ut labore et dolore magna aliqua. Ut enim ad minim veniam, quis nostrud exercitation ullamco laboris nisi ut aliquip ex ea commodo consequat.\n\nLorem ipsum dolor sit amet, consectetur adipiscing elit, sed do eiusmod tempor incididunt ut labore et\n\n</div>\n</div>",,,taxable,,1,,,0,0,,,,,1,,,30,Makeup,"01 - Popular Product",,"https://enzian.la-studioweb.com/wp-content/uploads/2022/02/3.png, https://enzian.la-studioweb.com/wp-content/uploads/2022/02/12.png",,,,,,,,,0,default,,,,,,,,,
64,simple,"REF. LA-64","Freestyle Highlighter",1,0,visible,"Duis aute irure dolor in reprehenderit in voluptate velit esse cillum dolore eu fugiat nulla pariatur. Excepteur sint occaecat cupidatat non proident, sunt in culpa qui officia deserunt mollit anim id est laborum.","<div class=""product_desc-row"">\n<div class=""product_desc-img""><img class=""alignnone size-full wp-image-1695"" src=""https://enzian.la-studioweb.com/wp-content/uploads/2022/03/product-detail-4.png"" alt=""Enzian"" width=""546"" height=""516"" /></div>\n<div class=""product_desc-desc"">\n<h4>We Love Beauty</h4>\nLorem ipsum dolor sit amet, consectetur adipiscing elit, sed do eiusmod tempor incididunt ut labore et dolore magna aliqua. Ut enim ad minim veniam, quis nostrud exercitation ullamco laboris nisi ut aliquip ex ea commodo consequat.\n\nLorem ipsum dolor sit amet, consectetur adipiscing elit, sed do eiusmod tempor incididunt ut labore et\n\n</div>\n</div>",,,taxable,,1,,,0,0,,,,,1,,,30,Makeup,"01 - what's new",,"https://enzian.la-studioweb.com/wp-content/uploads/2022/02/11.png, https://enzian.la-studioweb.com/wp-content/uploads/2022/03/m2-prod-3.png",,,,,,,,,0,default,,,,,,,,,
65,simple,"REF. LA-65","Charlotte Tilbury",1,0,visible,"Duis aute irure dolor in reprehenderit in voluptate velit esse cillum dolore eu fugiat nulla pariatur. Excepteur sint occaecat cupidatat non proident, sunt in culpa qui officia deserunt mollit anim id est laborum.","\n<div class=""product_desc-row"">\n<div class=""product_desc-img""><img class=""alignnone size-full wp-image-1695"" src=""https://enzian.la-studioweb.com/wp-content/uploads/2022/03/product-detail-3.png"" alt=""Enzian"" width=""546"" height=""516"" /></div>\n<div class=""product_desc-desc"">\n<h4>We Love Beauty</h4>\n<p>Lorem ipsum dolor sit amet, consectetur adipiscing elit, sed do eiusmod tempor incididunt ut labore et dolore magna aliqua. Ut enim ad minim veniam, quis nostrud exercitation ullamco laboris nisi ut aliquip ex ea commodo consequat.</p>\n<p>Lorem ipsum dolor sit amet, consectetur adipiscing elit, sed do eiusmod tempor incididunt ut labore et</p>\n</div>\n</div>\n      ",,,taxable,,1,,,0,0,,,,,1,,20,30,Lipstick,"01 - what's new",,"https://enzian.la-studioweb.com/wp-content/uploads/2022/02/10.png, https://enzian.la-studioweb.com/wp-content/uploads/2022/02/8.png, https://enzian.la-studioweb.com/wp-content/uploads/2022/02/1.png",,,,,,,,,0,default,,,,,,,,,
66,simple,"REF. LA-66","Under Eye Corrector",1,0,visible,"Duis aute irure dolor in reprehenderit in voluptate velit esse cillum dolore eu fugiat nulla pariatur. Excepteur sint occaecat cupidatat non proident, sunt in culpa qui officia deserunt mollit anim id est laborum.","<div class=""product_desc-row"">\n<div class=""product_desc-img""><img class=""alignnone size-full wp-image-1695"" src=""https://enzian.la-studioweb.com/wp-content/uploads/2022/03/product-detail-2.png"" alt=""Enzian"" width=""546"" height=""516"" /></div>\n<div class=""product_desc-desc"">\n<h4>We Love Beauty</h4>\nLorem ipsum dolor sit amet, consectetur adipiscing elit, sed do eiusmod tempor incididunt ut labore et dolore magna aliqua. Ut enim ad minim veniam, quis nostrud exercitation ullamco laboris nisi ut aliquip ex ea commodo consequat.\n\nLorem ipsum dolor sit amet, consectetur adipiscing elit, sed do eiusmod tempor incididunt ut labore et\n\n</div>\n</div>",,,taxable,,1,,,0,0,,,,,1,,,30,Makeup,"01 - what's new",,"https://enzian.la-studioweb.com/wp-content/uploads/2022/02/2.png, https://enzian.la-studioweb.com/wp-content/uploads/2022/03/m2-prod-3.png",,,,,,,,,0,default,,,,,,,,,
67,simple,"REF. LA-67","Jelly Melt Glossy",1,0,visible,"Duis aute irure dolor in reprehenderit in voluptate velit esse cillum dolore eu fugiat nulla pariatur. Excepteur sint occaecat cupidatat non proident, sunt in culpa qui officia deserunt mollit anim id est laborum.","<div class=""product_desc-row"">\n<div class=""product_desc-img""><img class=""alignnone size-full wp-image-1695"" src=""https://enzian.la-studioweb.com/wp-content/uploads/2022/03/product-detail-1.png"" alt=""Enzian"" width=""546"" height=""516"" /></div>\n<div class=""product_desc-desc"">\n<h4>We Love Beauty</h4>\nLorem ipsum dolor sit amet, consectetur adipiscing elit, sed do eiusmod tempor incididunt ut labore et dolore magna aliqua. Ut enim ad minim veniam, quis nostrud exercitation ullamco laboris nisi ut aliquip ex ea commodo consequat.\n\nLorem ipsum dolor sit amet, consectetur adipiscing elit, sed do eiusmod tempor incididunt ut labore et\n\n</div>\n</div>",,,taxable,,1,,,0,0,,,,,1,,,30,Lipstick,"01 - what's new",,"https://enzian.la-studioweb.com/wp-content/uploads/2022/02/8.png, https://enzian.la-studioweb.com/wp-content/uploads/2022/03/m2-prod-2-1.png, https://enzian.la-studioweb.com/wp-content/uploads/2022/03/m2-prod-3-1.png",,,,,,,,,0,default,,Brand,"Chanel, Dior, Estée Lauder, Gillette, Guerlain, L’oréal, M.a.c, Yves Saint Laurent",0,1,,,,
1715,simple,"REF. LA-1715","Ultra Suede Lipstick",1,0,visible,"Duis aute irure dolor in reprehenderit in voluptate velit esse cillum dolore eu fugiat nulla pariatur. Excepteur sint occaecat cupidatat non proident, sunt in culpa qui officia deserunt mollit anim id est laborum.","<div class=""product_desc-row"">\n<div class=""product_desc-img""><img class=""alignnone size-full wp-image-1695"" src=""https://enzian.la-studioweb.com/wp-content/uploads/2022/03/product-detail-4.png"" alt=""Enzian"" width=""546"" height=""516"" /></div>\n<div class=""product_desc-desc"">\n<h4>We Love Beauty</h4>\nLorem ipsum dolor sit amet, consectetur adipiscing elit, sed do eiusmod tempor incididunt ut labore et dolore magna aliqua. Ut enim ad minim veniam, quis nostrud exercitation ullamco laboris nisi ut aliquip ex ea commodo consequat.\n\nLorem ipsum dolor sit amet, consectetur adipiscing elit, sed do eiusmod tempor incididunt ut labore et\n\n</div>\n</div>",,,taxable,,1,,,0,0,,,,,1,,,30,Lipstick,"02 Best Seller",,"https://enzian.la-studioweb.com/wp-content/uploads/2022/03/m2-prod-7.png, https://enzian.la-studioweb.com/wp-content/uploads/2022/02/10.png, https://enzian.la-studioweb.com/wp-content/uploads/2022/02/1.png",,,,,,,,,0,default,,Brand,"Chanel, Dior, Estée Lauder, Gillette, Guerlain, L’oréal, M.a.c, Yves Saint Laurent",0,1,,,,
1717,simple,"REF. LA-1717","Multi-Active Night Cream",1,0,visible,"Duis aute irure dolor in reprehenderit in voluptate velit esse cillum dolore eu fugiat nulla pariatur. Excepteur sint occaecat cupidatat non proident, sunt in culpa qui officia deserunt mollit anim id est laborum.","<div class=""product_desc-row"">\n<div class=""product_desc-img""><img class=""alignnone size-full wp-image-1695"" src=""https://enzian.la-studioweb.com/wp-content/uploads/2022/03/product-detail-3.png"" alt=""Enzian"" width=""546"" height=""516"" /></div>\n<div class=""product_desc-desc"">\n<h4>We Love Beauty</h4>\nLorem ipsum dolor sit amet, consectetur adipiscing elit, sed do eiusmod tempor incididunt ut labore et dolore magna aliqua. Ut enim ad minim veniam, quis nostrud exercitation ullamco laboris nisi ut aliquip ex ea commodo consequat.\n\nLorem ipsum dolor sit amet, consectetur adipiscing elit, sed do eiusmod tempor incididunt ut labore et\n\n</div>\n</div>",,,taxable,,1,,,0,0,,,,,1,,,30,Skincare,"02 Best Seller",,"https://enzian.la-studioweb.com/wp-content/uploads/2022/03/m2-prod-11.png, https://enzian.la-studioweb.com/wp-content/uploads/2022/03/m2-prod-12.png",,,,,,,,,0,default,,Brand,"Chanel, Dior, Estée Lauder, Gillette, Guerlain, L’oréal, M.a.c, Yves Saint Laurent",0,1,,,,
1719,simple,"REF. LA-1719","Night Restorative Crème",1,0,visible,"Duis aute irure dolor in reprehenderit in voluptate velit esse cillum dolore eu fugiat nulla pariatur. Excepteur sint occaecat cupidatat non proident, sunt in culpa qui officia deserunt mollit anim id est laborum.","<div class=""product_desc-row"">\n<div class=""product_desc-img""><img class=""alignnone size-full wp-image-1695"" src=""https://enzian.la-studioweb.com/wp-content/uploads/2022/03/product-detail-2.png"" alt=""Enzian"" width=""546"" height=""516"" /></div>\n<div class=""product_desc-desc"">\n<h4>We Love Beauty</h4>\nLorem ipsum dolor sit amet, consectetur adipiscing elit, sed do eiusmod tempor incididunt ut labore et dolore magna aliqua. Ut enim ad minim veniam, quis nostrud exercitation ullamco laboris nisi ut aliquip ex ea commodo consequat.\n\nLorem ipsum dolor sit amet, consectetur adipiscing elit, sed do eiusmod tempor incididunt ut labore et\n\n</div>\n</div>",,,taxable,,1,,,0,0,,,,,1,,,30,Skincare,"02 Best Seller",,"https://enzian.la-studioweb.com/wp-content/uploads/2022/03/m2-prod-12.png, https://enzian.la-studioweb.com/wp-content/uploads/2022/03/m2-prod-11.png",,,,,,,,,0,default,,Brand,"Chanel, Dior, Estée Lauder, Gillette, Guerlain, L’oréal, M.a.c, Yves Saint Laurent",0,1,,,,
1721,simple,"REF. LA-1721","Tasking Baked Face Powder",1,0,visible,"Duis aute irure dolor in reprehenderit in voluptate velit esse cillum dolore eu fugiat nulla pariatur. Excepteur sint occaecat cupidatat non proident, sunt in culpa qui officia deserunt mollit anim id est laborum.","\n<div class=""product_desc-row"">\n<div class=""product_desc-img""><img class=""alignnone size-full wp-image-1695"" src=""https://enzian.la-studioweb.com/wp-content/uploads/2022/03/product-detail-1.png"" alt=""Enzian"" width=""546"" height=""516"" /></div>\n<div class=""product_desc-desc"">\n<h4>We Love Beauty</h4>\n<p>Lorem ipsum dolor sit amet, consectetur adipiscing elit, sed do eiusmod tempor incididunt ut labore et dolore magna aliqua. Ut enim ad minim veniam, quis nostrud exercitation ullamco laboris nisi ut aliquip ex ea commodo consequat.</p>\n<p>Lorem ipsum dolor sit amet, consectetur adipiscing elit, sed do eiusmod tempor incididunt ut labore et</p>\n</div>\n</div>\n      ",,,taxable,,1,,,0,0,,,,,1,,,30,Skincare,"02 Best Seller",,https://enzian.la-studioweb.com/wp-content/uploads/2022/03/m2-prod-1.png,,,,,,,,,0,default,,Brand,"Chanel, Dior, Estée Lauder, Gillette, Guerlain, L’oréal, M.a.c, Yves Saint Laurent",0,1,,,,
1723,simple,"REF. LA-1723","Primer Pore Minimizer",1,0,visible,"Duis aute irure dolor in reprehenderit in voluptate velit esse cillum dolore eu fugiat nulla pariatur. Excepteur sint occaecat cupidatat non proident, sunt in culpa qui officia deserunt mollit anim id est laborum.","\n<div class=""product_desc-row"">\n<div class=""product_desc-img""><img class=""alignnone size-full wp-image-1695"" src=""https://enzian.la-studioweb.com/wp-content/uploads/2022/03/product-detail-4.png"" alt=""Enzian"" width=""546"" height=""516"" /></div>\n<div class=""product_desc-desc"">\n<h4>We Love Beauty</h4>\n<p>Lorem ipsum dolor sit amet, consectetur adipiscing elit, sed do eiusmod tempor incididunt ut labore et dolore magna aliqua. Ut enim ad minim veniam, quis nostrud exercitation ullamco laboris nisi ut aliquip ex ea commodo consequat.</p>\n<p>Lorem ipsum dolor sit amet, consectetur adipiscing elit, sed do eiusmod tempor incididunt ut labore et</p>\n</div>\n</div>\n      ",,,taxable,,1,,,0,0,,,,,1,,,30,Skincare,"02 Best Seller",,https://enzian.la-studioweb.com/wp-content/uploads/2022/03/m2-prod-5.png,,,,,,,,,0,default,,Brand,"Chanel, Dior, Estée Lauder, Gillette, Guerlain, L’oréal, M.a.c, Yves Saint Laurent",0,1,,,,
1725,simple,"REF. LA-1725","Repair & Restore Shampoo",1,0,visible,"Duis aute irure dolor in reprehenderit in voluptate velit esse cillum dolore eu fugiat nulla pariatur. Excepteur sint occaecat cupidatat non proident, sunt in culpa qui officia deserunt mollit anim id est laborum.","\n<div class=""product_desc-row"">\n<div class=""product_desc-img""><img class=""alignnone size-full wp-image-1695"" src=""https://enzian.la-studioweb.com/wp-content/uploads/2022/03/product-detail-3.png"" alt=""Enzian"" width=""546"" height=""516"" /></div>\n<div class=""product_desc-desc"">\n<h4>We Love Beauty</h4>\n<p>Lorem ipsum dolor sit amet, consectetur adipiscing elit, sed do eiusmod tempor incididunt ut labore et dolore magna aliqua. Ut enim ad minim veniam, quis nostrud exercitation ullamco laboris nisi ut aliquip ex ea commodo consequat.</p>\n<p>Lorem ipsum dolor sit amet, consectetur adipiscing elit, sed do eiusmod tempor incididunt ut labore et</p>\n</div>\n</div>\n      ",,,taxable,,1,,,0,0,,,,,1,,,30,"Body Care","02 Best Seller",,https://enzian.la-studioweb.com/wp-content/uploads/2022/03/m2-prod-9.png,,,,,,,,,0,default,,Brand,"Chanel, Dior, Estée Lauder, Gillette, Guerlain, L’oréal, M.a.c, Yves Saint Laurent",0,1,,,,
1727,simple,"REF. LA-1727","Balmy Gloss Tinted Lip Oil",1,0,visible,"Duis aute irure dolor in reprehenderit in voluptate velit esse cillum dolore eu fugiat nulla pariatur. Excepteur sint occaecat cupidatat non proident, sunt in culpa qui officia deserunt mollit anim id est laborum.","<div class=""product_desc-row"">\n<div class=""product_desc-img""><img class=""alignnone size-full wp-image-1695"" src=""https://enzian.la-studioweb.com/wp-content/uploads/2022/03/product-detail-2.png"" alt=""Enzian"" width=""546"" height=""516"" /></div>\n<div class=""product_desc-desc"">\n<h4>We Love Beauty</h4>\nLorem ipsum dolor sit amet, consectetur adipiscing elit, sed do eiusmod tempor incididunt ut labore et dolore magna aliqua. Ut enim ad minim veniam, quis nostrud exercitation ullamco laboris nisi ut aliquip ex ea commodo consequat.\n\nLorem ipsum dolor sit amet, consectetur adipiscing elit, sed do eiusmod tempor incididunt ut labore et\n\n</div>\n</div>",,,taxable,,1,,,0,0,,,,,1,,,30,Lipstick,"02 New Arrival",,"https://enzian.la-studioweb.com/wp-content/uploads/2022/03/m2-prod-8.png, https://enzian.la-studioweb.com/wp-content/uploads/2022/03/m2-prod-2-1.png",,,,,,,,,0,default,,Brand,"Chanel, Dior, Estée Lauder, Gillette, Guerlain, L’oréal, M.a.c, Yves Saint Laurent",0,1,,,,
1729,grouped,"REF. LA-1729","Honey Infused Hair Oil",1,0,visible,"Duis aute irure dolor in reprehenderit in voluptate velit esse cillum dolore eu fugiat nulla pariatur. Excepteur sint occaecat cupidatat non proident, sunt in culpa qui officia deserunt mollit anim id est laborum.","\n<div class=""product_desc-row"">\n<div class=""product_desc-img""><img class=""alignnone size-full wp-image-1695"" src=""https://enzian.la-studioweb.com/wp-content/uploads/2022/03/product-detail-1.png"" alt=""Enzian"" width=""546"" height=""516"" /></div>\n<div class=""product_desc-desc"">\n<h4>We Love Beauty</h4>\n<p>Lorem ipsum dolor sit amet, consectetur adipiscing elit, sed do eiusmod tempor incididunt ut labore et dolore magna aliqua. Ut enim ad minim veniam, quis nostrud exercitation ullamco laboris nisi ut aliquip ex ea commodo consequat.</p>\n<p>Lorem ipsum dolor sit amet, consectetur adipiscing elit, sed do eiusmod tempor incididunt ut labore et</p>\n</div>\n</div>\n      ",,,taxable,,1,,,0,0,,,,,1,,,,"Hair Care","02 New Arrival",,"https://enzian.la-studioweb.com/wp-content/uploads/2022/03/m2-prod-6.png, https://enzian.la-studioweb.com/wp-content/uploads/2022/02/7.png, https://enzian.la-studioweb.com/wp-content/uploads/2022/02/6.png",,,,"REF. LA-1731, REF. LA-62",,,,,0,default,,Brand,"Chanel, Dior, Estée Lauder, Gillette, Guerlain, L’oréal, M.a.c, Yves Saint Laurent",0,1,,,,
1731,simple,"REF. LA-1731","Nourishing Hair Mask",1,0,visible,"Duis aute irure dolor in reprehenderit in voluptate velit esse cillum dolore eu fugiat nulla pariatur. Excepteur sint occaecat cupidatat non proident, sunt in culpa qui officia deserunt mollit anim id est laborum.","\n<div class=""product_desc-row"">\n<div class=""product_desc-img""><img class=""alignnone size-full wp-image-1695"" src=""https://enzian.la-studioweb.com/wp-content/uploads/2022/03/product-detail-4.png"" alt=""Enzian"" width=""546"" height=""516"" /></div>\n<div class=""product_desc-desc"">\n<h4>We Love Beauty</h4>\n<p>Lorem ipsum dolor sit amet, consectetur adipiscing elit, sed do eiusmod tempor incididunt ut labore et dolore magna aliqua. Ut enim ad minim veniam, quis nostrud exercitation ullamco laboris nisi ut aliquip ex ea commodo consequat.</p>\n<p>Lorem ipsum dolor sit amet, consectetur adipiscing elit, sed do eiusmod tempor incididunt ut labore et</p>\n</div>\n</div>\n      ",,,taxable,,1,,,0,0,,,,,1,,,30,"Hair Care","02 New Arrival",,https://enzian.la-studioweb.com/wp-content/uploads/2022/03/m2-prod-10.png,,,,,,,,,0,default,,Brand,"Chanel, Dior, Estée Lauder, Gillette, Guerlain, L’oréal, M.a.c, Yves Saint Laurent",0,1,,,,
1733,simple,"REF. LA-1733","Serum-Infused Mascara",1,0,visible,"Duis aute irure dolor in reprehenderit in voluptate velit esse cillum dolore eu fugiat nulla pariatur. Excepteur sint occaecat cupidatat non proident, sunt in culpa qui officia deserunt mollit anim id est laborum.","\n<div class=""product_desc-row"">\n<div class=""product_desc-img""><img class=""alignnone size-full wp-image-1695"" src=""https://enzian.la-studioweb.com/wp-content/uploads/2022/03/product-detail-3.png"" alt=""Enzian"" width=""546"" height=""516"" /></div>\n<div class=""product_desc-desc"">\n<h4>We Love Beauty</h4>\n<p>Lorem ipsum dolor sit amet, consectetur adipiscing elit, sed do eiusmod tempor incididunt ut labore et dolore magna aliqua. Ut enim ad minim veniam, quis nostrud exercitation ullamco laboris nisi ut aliquip ex ea commodo consequat.</p>\n<p>Lorem ipsum dolor sit amet, consectetur adipiscing elit, sed do eiusmod tempor incididunt ut labore et</p>\n</div>\n</div>\n      ",,,taxable,,1,,,0,0,,,,,1,,,30,Makeup,"02 New Arrival",,https://enzian.la-studioweb.com/wp-content/uploads/2022/03/m2-prod-2.png,,,,,,,,,0,default,,Brand,"Chanel, Dior, Estée Lauder, Gillette, Guerlain, L’oréal, M.a.c, Yves Saint Laurent",0,1,,,,
1735,simple,"REF. LA-1735","Retinoid Peptide Serum",1,0,visible,"Duis aute irure dolor in reprehenderit in voluptate velit esse cillum dolore eu fugiat nulla pariatur. Excepteur sint occaecat cupidatat non proident, sunt in culpa qui officia deserunt mollit anim id est laborum.","\n<div class=""product_desc-row"">\n<div class=""product_desc-img""><img class=""alignnone size-full wp-image-1695"" src=""https://enzian.la-studioweb.com/wp-content/uploads/2022/03/product-detail-2.png"" alt=""Enzian"" width=""546"" height=""516"" /></div>\n<div class=""product_desc-desc"">\n<h4>We Love Beauty</h4>\n<p>Lorem ipsum dolor sit amet, consectetur adipiscing elit, sed do eiusmod tempor incididunt ut labore et dolore magna aliqua. Ut enim ad minim veniam, quis nostrud exercitation ullamco laboris nisi ut aliquip ex ea commodo consequat.</p>\n<p>Lorem ipsum dolor sit amet, consectetur adipiscing elit, sed do eiusmod tempor incididunt ut labore et</p>\n</div>\n</div>\n      ",,,taxable,,1,,,0,0,,,,,1,,,30,Accessories,"02 New Arrival",,https://enzian.la-studioweb.com/wp-content/uploads/2022/03/m2-prod-4.png,,,,,,,,,0,default,,Brand,"Chanel, Dior, Estée Lauder, Gillette, Guerlain, L’oréal, M.a.c, Yves Saint Laurent",0,1,,,,
1737,simple,"REF. LA-1737","Styling Wax",1,0,visible,"Duis aute irure dolor in reprehenderit in voluptate velit esse cillum dolore eu fugiat nulla pariatur. Excepteur sint occaecat cupidatat non proident, sunt in culpa qui officia deserunt mollit anim id est laborum.","\n<div class=""product_desc-row"">\n<div class=""product_desc-img""><img class=""alignnone size-full wp-image-1695"" src=""https://enzian.la-studioweb.com/wp-content/uploads/2022/03/product-detail-1.png"" alt=""Enzian"" width=""546"" height=""516"" /></div>\n<div class=""product_desc-desc"">\n<h4>We Love Beauty</h4>\n<p>Lorem ipsum dolor sit amet, consectetur adipiscing elit, sed do eiusmod tempor incididunt ut labore et dolore magna aliqua. Ut enim ad minim veniam, quis nostrud exercitation ullamco laboris nisi ut aliquip ex ea commodo consequat.</p>\n<p>Lorem ipsum dolor sit amet, consectetur adipiscing elit, sed do eiusmod tempor incididunt ut labore et</p>\n</div>\n</div>\n      ",,,taxable,,1,,,0,0,,,,,1,,,30,"Accessories, Makeup","02 New Arrival",,https://enzian.la-studioweb.com/wp-content/uploads/2022/03/m2-prod-3.png,,,,,,,,,0,default,,Brand,"Chanel, Dior, Estée Lauder, Gillette, Guerlain, L’oréal, M.a.c, Yves Saint Laurent",0,1,,,,
1749,simple,"REF. LA-1749","Pour Femme Intense",1,0,visible,"Duis aute irure dolor in reprehenderit in voluptate velit esse cillum dolore eu fugiat nulla pariatur. Excepteur sint occaecat cupidatat non proident, sunt in culpa qui officia deserunt mollit anim id est laborum.","\n<div class=""product_desc-row"">\n<div class=""product_desc-img""><img class=""alignnone size-full wp-image-1695"" src=""https://enzian.la-studioweb.com/wp-content/uploads/2022/03/product-detail-4.png"" alt=""Enzian"" width=""546"" height=""516"" /></div>\n<div class=""product_desc-desc"">\n<h4>We Love Beauty</h4>\n<p>Lorem ipsum dolor sit amet, consectetur adipiscing elit, sed do eiusmod tempor incididunt ut labore et dolore magna aliqua. Ut enim ad minim veniam, quis nostrud exercitation ullamco laboris nisi ut aliquip ex ea commodo consequat.</p>\n<p>Lorem ipsum dolor sit amet, consectetur adipiscing elit, sed do eiusmod tempor incididunt ut labore et</p>\n</div>\n</div>\n      ",,,taxable,,1,,,0,0,,,,,1,,,60,Perfume,"03 What's new",,https://enzian.la-studioweb.com/wp-content/uploads/2022/03/mp-prod-2.png,,,,,,,,,0,default,,Brand,"Chanel, Dior, Estée Lauder, Gillette, Guerlain, L’oréal, M.a.c, Yves Saint Laurent",0,1,,,,
1751,simple,"REF. LA-1751","Good Girl Eau Supreme",1,0,visible,"Duis aute irure dolor in reprehenderit in voluptate velit esse cillum dolore eu fugiat nulla pariatur. Excepteur sint occaecat cupidatat non proident, sunt in culpa qui officia deserunt mollit anim id est laborum.","\n<div class=""product_desc-row"">\n<div class=""product_desc-img""><img class=""alignnone size-full wp-image-1695"" src=""https://enzian.la-studioweb.com/wp-content/uploads/2022/03/product-detail-3.png"" alt=""Enzian"" width=""546"" height=""516"" /></div>\n<div class=""product_desc-desc"">\n<h4>We Love Beauty</h4>\n<p>Lorem ipsum dolor sit amet, consectetur adipiscing elit, sed do eiusmod tempor incididunt ut labore et dolore magna aliqua. Ut enim ad minim veniam, quis nostrud exercitation ullamco laboris nisi ut aliquip ex ea commodo consequat.</p>\n<p>Lorem ipsum dolor sit amet, consectetur adipiscing elit, sed do eiusmod tempor incididunt ut labore et</p>\n</div>\n</div>\n      ",,,taxable,,1,,,0,0,,,,,1,,,60,Perfume,"03 What's new",,https://enzian.la-studioweb.com/wp-content/uploads/2022/03/mp-prod-8.png,,,,,,,,,0,default,,Brand,"Chanel, Dior, Estée Lauder, Gillette, Guerlain, L’oréal, M.a.c, Yves Saint Laurent",0,1,,,,
1753,simple,"REF. LA-1753","Black Orchid Eau",1,0,visible,"Duis aute irure dolor in reprehenderit in voluptate velit esse cillum dolore eu fugiat nulla pariatur. Excepteur sint occaecat cupidatat non proident, sunt in culpa qui officia deserunt mollit anim id est laborum.","<div class=""product_desc-row"">\n<div class=""product_desc-img""><img class=""alignnone size-full wp-image-1695"" src=""https://enzian.la-studioweb.com/wp-content/uploads/2022/03/product-detail-2.png"" alt=""Enzian"" width=""546"" height=""516"" /></div>\n<div class=""product_desc-desc"">\n<h4>We Love Beauty</h4>\nLorem ipsum dolor sit amet, consectetur adipiscing elit, sed do eiusmod tempor incididunt ut labore et dolore magna aliqua. Ut enim ad minim veniam, quis nostrud exercitation ullamco laboris nisi ut aliquip ex ea commodo consequat.\n\nLorem ipsum dolor sit amet, consectetur adipiscing elit, sed do eiusmod tempor incididunt ut labore et\n\n</div>\n</div>",,,taxable,,1,,,0,0,,,,,1,,,60,Perfume,"03 What's new",,"https://enzian.la-studioweb.com/wp-content/uploads/2022/03/mp-prod-10.png, https://enzian.la-studioweb.com/wp-content/uploads/2022/03/mp-prod-2.png",,,,,,,,,0,default,,Brand,"Chanel, Dior, Estée Lauder, Gillette, Guerlain, L’oréal, M.a.c, Yves Saint Laurent",0,1,,,,
1755,simple,"REF. LA-1755","L’Interdit Rouge Eau",1,0,visible,"Duis aute irure dolor in reprehenderit in voluptate velit esse cillum dolore eu fugiat nulla pariatur. Excepteur sint occaecat cupidatat non proident, sunt in culpa qui officia deserunt mollit anim id est laborum.","\n<div class=""product_desc-row"">\n<div class=""product_desc-img""><img class=""alignnone size-full wp-image-1695"" src=""https://enzian.la-studioweb.com/wp-content/uploads/2022/03/product-detail-1.png"" alt=""Enzian"" width=""546"" height=""516"" /></div>\n<div class=""product_desc-desc"">\n<h4>We Love Beauty</h4>\n<p>Lorem ipsum dolor sit amet, consectetur adipiscing elit, sed do eiusmod tempor incididunt ut labore et dolore magna aliqua. Ut enim ad minim veniam, quis nostrud exercitation ullamco laboris nisi ut aliquip ex ea commodo consequat.</p>\n<p>Lorem ipsum dolor sit amet, consectetur adipiscing elit, sed do eiusmod tempor incididunt ut labore et</p>\n</div>\n</div>\n      ",,,taxable,,1,,,0,0,,,,,1,,,60,Perfume,"03 What's new",,https://enzian.la-studioweb.com/wp-content/uploads/2022/03/mp-prod-9.png,,,,,,,,,0,default,,Brand,"Chanel, Dior, Estée Lauder, Gillette, Guerlain, L’oréal, M.a.c, Yves Saint Laurent",0,1,,,,
1757,simple,"REF. LA-1757","Alien Eau de Parfum",1,0,visible,"Duis aute irure dolor in reprehenderit in voluptate velit esse cillum dolore eu fugiat nulla pariatur. Excepteur sint occaecat cupidatat non proident, sunt in culpa qui officia deserunt mollit anim id est laborum.","<div class=""product_desc-row"">\n<div class=""product_desc-img""><img class=""alignnone size-full wp-image-1695"" src=""https://enzian.la-studioweb.com/wp-content/uploads/2022/03/product-detail-4.png"" alt=""Enzian"" width=""546"" height=""516"" /></div>\n<div class=""product_desc-desc"">\n<h4>We Love Beauty</h4>\nLorem ipsum dolor sit amet, consectetur adipiscing elit, sed do eiusmod tempor incididunt ut labore et dolore magna aliqua. Ut enim ad minim veniam, quis nostrud exercitation ullamco laboris nisi ut aliquip ex ea commodo consequat.\n\nLorem ipsum dolor sit amet, consectetur adipiscing elit, sed do eiusmod tempor incididunt ut labore et\n\n</div>\n</div>",,,taxable,,1,,,0,0,,,,,1,,,60,Perfume,"03 What's new",,"https://enzian.la-studioweb.com/wp-content/uploads/2022/03/mp-prod-5.png, https://enzian.la-studioweb.com/wp-content/uploads/2022/03/m5-prod-5.png",,,,,,,,,0,default,,Brand,"Chanel, Dior, Estée Lauder, Gillette, Guerlain, L’oréal, M.a.c, Yves Saint Laurent",0,1,,,,
1759,simple,"REF. LA-1759","Bloom Eau de Parfum",1,0,visible,"Duis aute irure dolor in reprehenderit in voluptate velit esse cillum dolore eu fugiat nulla pariatur. Excepteur sint occaecat cupidatat non proident, sunt in culpa qui officia deserunt mollit anim id est laborum.","<div class=""product_desc-row"">\n<div class=""product_desc-img""><img class=""alignnone size-full wp-image-1695"" src=""https://enzian.la-studioweb.com/wp-content/uploads/2022/03/product-detail-3.png"" alt=""Enzian"" width=""546"" height=""516"" /></div>\n<div class=""product_desc-desc"">\n<h4>We Love Beauty</h4>\nLorem ipsum dolor sit amet, consectetur adipiscing elit, sed do eiusmod tempor incididunt ut labore et dolore magna aliqua. Ut enim ad minim veniam, quis nostrud exercitation ullamco laboris nisi ut aliquip ex ea commodo consequat.\n\nLorem ipsum dolor sit amet, consectetur adipiscing elit, sed do eiusmod tempor incididunt ut labore et\n\n</div>\n</div>",,,taxable,,1,,,0,0,,,,,1,,,60,Perfume,"03 What's new",,"https://enzian.la-studioweb.com/wp-content/uploads/2022/03/mp-prod-7.png, https://enzian.la-studioweb.com/wp-content/uploads/2022/03/mp-prod-1.png",,,,,,,,,0,default,,Brand,"Chanel, Dior, Estée Lauder, Gillette, Guerlain, L’oréal, M.a.c, Yves Saint Laurent",0,1,,,,
1761,simple,"REF. LA-1761","J'adore Eau de Parfum",1,0,visible,"Duis aute irure dolor in reprehenderit in voluptate velit esse cillum dolore eu fugiat nulla pariatur. Excepteur sint occaecat cupidatat non proident, sunt in culpa qui officia deserunt mollit anim id est laborum.","\n<div class=""product_desc-row"">\n<div class=""product_desc-img""><img class=""alignnone size-full wp-image-1695"" src=""https://enzian.la-studioweb.com/wp-content/uploads/2022/03/product-detail-2.png"" alt=""Enzian"" width=""546"" height=""516"" /></div>\n<div class=""product_desc-desc"">\n<h4>We Love Beauty</h4>\n<p>Lorem ipsum dolor sit amet, consectetur adipiscing elit, sed do eiusmod tempor incididunt ut labore et dolore magna aliqua. Ut enim ad minim veniam, quis nostrud exercitation ullamco laboris nisi ut aliquip ex ea commodo consequat.</p>\n<p>Lorem ipsum dolor sit amet, consectetur adipiscing elit, sed do eiusmod tempor incididunt ut labore et</p>\n</div>\n</div>\n      ",,,taxable,,1,,,0,0,,,,,1,,,60,Perfume,"03 What's new",,https://enzian.la-studioweb.com/wp-content/uploads/2022/03/mp-prod-4.png,,,,,,,,,0,default,,Brand,"Chanel, Dior, Estée Lauder, Gillette, Guerlain, L’oréal, M.a.c, Yves Saint Laurent",0,1,,,,
1763,simple,"REF. LA-1763","Lost Cherry",1,0,visible,"Duis aute irure dolor in reprehenderit in voluptate velit esse cillum dolore eu fugiat nulla pariatur. Excepteur sint occaecat cupidatat non proident, sunt in culpa qui officia deserunt mollit anim id est laborum.","\n<div class=""product_desc-row"">\n<div class=""product_desc-img""><img class=""alignnone size-full wp-image-1695"" src=""https://enzian.la-studioweb.com/wp-content/uploads/2022/03/product-detail-1.png"" alt=""Enzian"" width=""546"" height=""516"" /></div>\n<div class=""product_desc-desc"">\n<h4>We Love Beauty</h4>\n<p>Lorem ipsum dolor sit amet, consectetur adipiscing elit, sed do eiusmod tempor incididunt ut labore et dolore magna aliqua. Ut enim ad minim veniam, quis nostrud exercitation ullamco laboris nisi ut aliquip ex ea commodo consequat.</p>\n<p>Lorem ipsum dolor sit amet, consectetur adipiscing elit, sed do eiusmod tempor incididunt ut labore et</p>\n</div>\n</div>\n      ",,,taxable,,1,,,0,0,,,,,1,,,60,Perfume,"03 What's new",,https://enzian.la-studioweb.com/wp-content/uploads/2022/03/mp-prod-1.png,,,,,,,,,0,default,,Brand,"Chanel, Dior, Estée Lauder, Gillette, Guerlain, L’oréal, M.a.c, Yves Saint Laurent",0,1,,,,
1772,simple,"REF. LA-1772","Colour Chameleon Eye Shadow Pencil",1,0,visible,"Duis aute irure dolor in reprehenderit in voluptate velit esse cillum dolore eu fugiat nulla pariatur. Excepteur sint occaecat cupidatat non proident, sunt in culpa qui officia deserunt mollit anim id est laborum.","\n<div class=""product_desc-row"">\n<div class=""product_desc-img""><img class=""alignnone size-full wp-image-1695"" src=""https://enzian.la-studioweb.com/wp-content/uploads/2022/03/product-detail-4.png"" alt=""Enzian"" width=""546"" height=""516"" /></div>\n<div class=""product_desc-desc"">\n<h4>We Love Beauty</h4>\n<p>Lorem ipsum dolor sit amet, consectetur adipiscing elit, sed do eiusmod tempor incididunt ut labore et dolore magna aliqua. Ut enim ad minim veniam, quis nostrud exercitation ullamco laboris nisi ut aliquip ex ea commodo consequat.</p>\n<p>Lorem ipsum dolor sit amet, consectetur adipiscing elit, sed do eiusmod tempor incididunt ut labore et</p>\n</div>\n</div>\n      ",,,taxable,,1,,,0,0,,,,,1,,,40,Makeup,"04 Cosmetic",,https://enzian.la-studioweb.com/wp-content/uploads/2022/03/m2-prod-1-1.png,,,,,,,,,0,default,,Brand,"Chanel, Dior, Estée Lauder, Gillette, Guerlain, L’oréal, M.a.c, Yves Saint Laurent",0,1,,,,
1774,simple,"REF. LA-1774","Brows Tinted Eyebrow Gel",1,0,visible,"Duis aute irure dolor in reprehenderit in voluptate velit esse cillum dolore eu fugiat nulla pariatur. Excepteur sint occaecat cupidatat non proident, sunt in culpa qui officia deserunt mollit anim id est laborum.","<div class=""product_desc-row"">\n<div class=""product_desc-img""><img class=""alignnone size-full wp-image-1695"" src=""https://enzian.la-studioweb.com/wp-content/uploads/2022/03/product-detail-3.png"" alt=""Enzian"" width=""546"" height=""516"" /></div>\n<div class=""product_desc-desc"">\n<h4>We Love Beauty</h4>\nLorem ipsum dolor sit amet, consectetur adipiscing elit, sed do eiusmod tempor incididunt ut labore et dolore magna aliqua. Ut enim ad minim veniam, quis nostrud exercitation ullamco laboris nisi ut aliquip ex ea commodo consequat.\n\nLorem ipsum dolor sit amet, consectetur adipiscing elit, sed do eiusmod tempor incididunt ut labore et\n\n</div>\n</div>",,,taxable,,1,,,0,0,,,,,1,,,40,Makeup,"04 Cosmetic",,"https://enzian.la-studioweb.com/wp-content/uploads/2022/03/m2-prod-3-1.png, https://enzian.la-studioweb.com/wp-content/uploads/2022/03/m2-prod-8.png",,,,,,,,,0,default,,Brand,"Chanel, Dior, Estée Lauder, Gillette, Guerlain, L’oréal, M.a.c, Yves Saint Laurent",0,1,,,,
1776,simple,"REF. LA-1776","Lengthening Mascara",1,0,visible,"Duis aute irure dolor in reprehenderit in voluptate velit esse cillum dolore eu fugiat nulla pariatur. Excepteur sint occaecat cupidatat non proident, sunt in culpa qui officia deserunt mollit anim id est laborum.","\n<div class=""product_desc-row"">\n<div class=""product_desc-img""><img class=""alignnone size-full wp-image-1695"" src=""https://enzian.la-studioweb.com/wp-content/uploads/2022/03/product-detail-2.png"" alt=""Enzian"" width=""546"" height=""516"" /></div>\n<div class=""product_desc-desc"">\n<h4>We Love Beauty</h4>\n<p>Lorem ipsum dolor sit amet, consectetur adipiscing elit, sed do eiusmod tempor incididunt ut labore et dolore magna aliqua. Ut enim ad minim veniam, quis nostrud exercitation ullamco laboris nisi ut aliquip ex ea commodo consequat.</p>\n<p>Lorem ipsum dolor sit amet, consectetur adipiscing elit, sed do eiusmod tempor incididunt ut labore et</p>\n</div>\n</div>\n      ",,,taxable,,1,,,0,0,,,,,1,,,40,Makeup,"04 Cosmetic",,https://enzian.la-studioweb.com/wp-content/uploads/2022/03/m2-prod-2-1.png,,,,,,,,,0,default,,Brand,"Chanel, Dior, Estée Lauder, Gillette, Guerlain, L’oréal, M.a.c, Yves Saint Laurent",0,1,,,,
1778,simple,"REF. LA-1778","Touche Éclat All-Over Brightening",1,0,visible,"Duis aute irure dolor in reprehenderit in voluptate velit esse cillum dolore eu fugiat nulla pariatur. Excepteur sint occaecat cupidatat non proident, sunt in culpa qui officia deserunt mollit anim id est laborum.","\n<div class=""product_desc-row"">\n<div class=""product_desc-img""><img class=""alignnone size-full wp-image-1695"" src=""https://enzian.la-studioweb.com/wp-content/uploads/2022/03/product-detail-1.png"" alt=""Enzian"" width=""546"" height=""516"" /></div>\n<div class=""product_desc-desc"">\n<h4>We Love Beauty</h4>\n<p>Lorem ipsum dolor sit amet, consectetur adipiscing elit, sed do eiusmod tempor incididunt ut labore et dolore magna aliqua. Ut enim ad minim veniam, quis nostrud exercitation ullamco laboris nisi ut aliquip ex ea commodo consequat.</p>\n<p>Lorem ipsum dolor sit amet, consectetur adipiscing elit, sed do eiusmod tempor incididunt ut labore et</p>\n</div>\n</div>\n      ",,,taxable,,1,,,0,0,,,,,1,,,40,Makeup,"04 Cosmetic",,https://enzian.la-studioweb.com/wp-content/uploads/2022/03/m2-prod-4-1.png,,,,,,,,,0,default,,Brand,"Chanel, Dior, Estée Lauder, Gillette, Guerlain, L’oréal, M.a.c, Yves Saint Laurent",0,1,,,,
1783,simple,"REF. LA-1783","Gold Lust Nourishing Hair Oil",1,0,visible,"Duis aute irure dolor in reprehenderit in voluptate velit esse cillum dolore eu fugiat nulla pariatur. Excepteur sint occaecat cupidatat non proident, sunt in culpa qui officia deserunt mollit anim id est laborum.","\n<div class=""product_desc-row"">\n<div class=""product_desc-img""><img class=""alignnone size-full wp-image-1695"" src=""https://enzian.la-studioweb.com/wp-content/uploads/2022/03/product-detail-4.png"" alt=""Enzian"" width=""546"" height=""516"" /></div>\n<div class=""product_desc-desc"">\n<h4>We Love Beauty</h4>\n<p>Lorem ipsum dolor sit amet, consectetur adipiscing elit, sed do eiusmod tempor incididunt ut labore et dolore magna aliqua. Ut enim ad minim veniam, quis nostrud exercitation ullamco laboris nisi ut aliquip ex ea commodo consequat.</p>\n<p>Lorem ipsum dolor sit amet, consectetur adipiscing elit, sed do eiusmod tempor incididunt ut labore et</p>\n</div>\n</div>\n      ",,,taxable,,1,,,0,0,,,,,1,,,50,"Hair Care","05 Cosmetic",,https://enzian.la-studioweb.com/wp-content/uploads/2022/03/m5-prod-5.png,,,,,,,,,0,default,,Brand,"Chanel, Dior, Estée Lauder, Gillette, Guerlain, L’oréal, M.a.c, Yves Saint Laurent",0,1,,,,
1786,simple,"REF. LA-1786","Lip Glowy Balm",1,0,visible,"Duis aute irure dolor in reprehenderit in voluptate velit esse cillum dolore eu fugiat nulla pariatur. Excepteur sint occaecat cupidatat non proident, sunt in culpa qui officia deserunt mollit anim id est laborum.","\n<div class=""product_desc-row"">\n<div class=""product_desc-img""><img class=""alignnone size-full wp-image-1695"" src=""https://enzian.la-studioweb.com/wp-content/uploads/2022/03/product-detail-3.png"" alt=""Enzian"" width=""546"" height=""516"" /></div>\n<div class=""product_desc-desc"">\n<h4>We Love Beauty</h4>\n<p>Lorem ipsum dolor sit amet, consectetur adipiscing elit, sed do eiusmod tempor incididunt ut labore et dolore magna aliqua. Ut enim ad minim veniam, quis nostrud exercitation ullamco laboris nisi ut aliquip ex ea commodo consequat.</p>\n<p>Lorem ipsum dolor sit amet, consectetur adipiscing elit, sed do eiusmod tempor incididunt ut labore et</p>\n</div>\n</div>\n      ",,,taxable,,1,,,0,0,,,,,1,,,50,Skincare,"05 Cosmetic",,https://enzian.la-studioweb.com/wp-content/uploads/2022/03/m5-prod-3.png,,,,,,,,,0,default,,Brand,"Chanel, Dior, Estée Lauder, Gillette, Guerlain, L’oréal, M.a.c, Yves Saint Laurent",0,1,,,,
1788,simple,"REF. LA-1788","Acqua Di Gio Deodorant",1,0,visible,"Duis aute irure dolor in reprehenderit in voluptate velit esse cillum dolore eu fugiat nulla pariatur. Excepteur sint occaecat cupidatat non proident, sunt in culpa qui officia deserunt mollit anim id est laborum.","<div class=""product_desc-row"">\n<div class=""product_desc-img""><img class=""alignnone size-full wp-image-1695"" src=""https://enzian.la-studioweb.com/wp-content/uploads/2022/03/product-detail-2.png"" alt=""Enzian"" width=""546"" height=""516"" /></div>\n<div class=""product_desc-desc"">\n<h4>We Love Beauty</h4>\nLorem ipsum dolor sit amet, consectetur adipiscing elit, sed do eiusmod tempor incididunt ut labore et dolore magna aliqua. Ut enim ad minim veniam, quis nostrud exercitation ullamco laboris nisi ut aliquip ex ea commodo consequat.\n\nLorem ipsum dolor sit amet, consectetur adipiscing elit, sed do eiusmod tempor incididunt ut labore et\n\n</div>\n</div>",,,taxable,,1,,,0,0,,,,,1,,,50,"Body Care, Skincare","05 Cosmetic",,"https://enzian.la-studioweb.com/wp-content/uploads/2022/03/m5-prod-1.png, https://enzian.la-studioweb.com/wp-content/uploads/2022/03/mp-prod-2.png",,,,,,,,,0,default,,Brand,"Chanel, Dior, Estée Lauder, Gillette, Guerlain, L’oréal, M.a.c, Yves Saint Laurent",0,1,,,,
1790,simple,"REF. LA-1790","Whipped Argan Oil Body Butter",1,0,visible,"Duis aute irure dolor in reprehenderit in voluptate velit esse cillum dolore eu fugiat nulla pariatur. Excepteur sint occaecat cupidatat non proident, sunt in culpa qui officia deserunt mollit anim id est laborum.","\n<div class=""product_desc-row"">\n<div class=""product_desc-img""><img class=""alignnone size-full wp-image-1695"" src=""https://enzian.la-studioweb.com/wp-content/uploads/2022/03/product-detail-1.png"" alt=""Enzian"" width=""546"" height=""516"" /></div>\n<div class=""product_desc-desc"">\n<h4>We Love Beauty</h4>\n<p>Lorem ipsum dolor sit amet, consectetur adipiscing elit, sed do eiusmod tempor incididunt ut labore et dolore magna aliqua. Ut enim ad minim veniam, quis nostrud exercitation ullamco laboris nisi ut aliquip ex ea commodo consequat.</p>\n<p>Lorem ipsum dolor sit amet, consectetur adipiscing elit, sed do eiusmod tempor incididunt ut labore et</p>\n</div>\n</div>\n      ",,,taxable,,1,,,0,0,,,,,1,,,50,"Body Care, Skincare","05 Cosmetic",,https://enzian.la-studioweb.com/wp-content/uploads/2022/03/m5-prod-6.png,,,,,,,,,0,default,,Brand,"Chanel, Dior, Estée Lauder, Gillette, Guerlain, L’oréal, M.a.c, Yves Saint Laurent",0,1,,,,
1792,simple,"REF. LA-1792","L'Absolu Lacquer Long-Lasting Liquid",1,0,visible,"Duis aute irure dolor in reprehenderit in voluptate velit esse cillum dolore eu fugiat nulla pariatur. Excepteur sint occaecat cupidatat non proident, sunt in culpa qui officia deserunt mollit anim id est laborum.","\n<div class=""product_desc-row"">\n<div class=""product_desc-img""><img class=""alignnone size-full wp-image-1695"" src=""https://enzian.la-studioweb.com/wp-content/uploads/2022/03/product-detail-4.png"" alt=""Enzian"" width=""546"" height=""516"" /></div>\n<div class=""product_desc-desc"">\n<h4>We Love Beauty</h4>\n<p>Lorem ipsum dolor sit amet, consectetur adipiscing elit, sed do eiusmod tempor incididunt ut labore et dolore magna aliqua. Ut enim ad minim veniam, quis nostrud exercitation ullamco laboris nisi ut aliquip ex ea commodo consequat.</p>\n<p>Lorem ipsum dolor sit amet, consectetur adipiscing elit, sed do eiusmod tempor incididunt ut labore et</p>\n</div>\n</div>\n      ",,,taxable,,1,,,0,0,,,,,1,,,50,Makeup,"05 Cosmetic",,https://enzian.la-studioweb.com/wp-content/uploads/2022/03/m5-prod-2.png,,,,,,,,,0,default,,Brand,"Chanel, Dior, Estée Lauder, Gillette, Guerlain, L’oréal, M.a.c, Yves Saint Laurent",0,1,,,,
1794,simple,"REF. LA-1794","Vinopure Purifying Clay Mask",1,0,visible,"Duis aute irure dolor in reprehenderit in voluptate velit esse cillum dolore eu fugiat nulla pariatur. Excepteur sint occaecat cupidatat non proident, sunt in culpa qui officia deserunt mollit anim id est laborum.","\n<div class=""product_desc-row"">\n<div class=""product_desc-img""><img class=""alignnone size-full wp-image-1695"" src=""https://enzian.la-studioweb.com/wp-content/uploads/2022/03/product-detail-3.png"" alt=""Enzian"" width=""546"" height=""516"" /></div>\n<div class=""product_desc-desc"">\n<h4>We Love Beauty</h4>\n<p>Lorem ipsum dolor sit amet, consectetur adipiscing elit, sed do eiusmod tempor incididunt ut labore et dolore magna aliqua. Ut enim ad minim veniam, quis nostrud exercitation ullamco laboris nisi ut aliquip ex ea commodo consequat.</p>\n<p>Lorem ipsum dolor sit amet, consectetur adipiscing elit, sed do eiusmod tempor incididunt ut labore et</p>\n</div>\n</div>\n      ",,,taxable,,1,,,0,0,,,,,1,,,50,Makeup,"05 Cosmetic",,https://enzian.la-studioweb.com/wp-content/uploads/2022/03/m5-prod-4.png,,,,,,,,,0,default,,Brand,"Chanel, Dior, Estée Lauder, Gillette, Guerlain, L’oréal, M.a.c, Yves Saint Laurent",0,1,,,,
1832,variable,"REF. LA-1832","Gentle Exfoliating Cleanser",1,0,visible,"Duis aute irure dolor in reprehenderit in voluptate velit esse cillum dolore eu fugiat nulla pariatur. Excepteur sint occaecat cupidatat non proident, sunt in culpa qui officia deserunt mollit anim id est laborum.","\n<div class=""product_desc-row"">\n<div class=""product_desc-img""><img class=""alignnone size-full wp-image-1695"" src=""https://enzian.la-studioweb.com/wp-content/uploads/2022/03/product-detail-2.png"" alt=""Enzian"" width=""546"" height=""516"" /></div>\n<div class=""product_desc-desc"">\n<h4>We Love Beauty</h4>\n<p>Lorem ipsum dolor sit amet, consectetur adipiscing elit, sed do eiusmod tempor incididunt ut labore et dolore magna aliqua. Ut enim ad minim veniam, quis nostrud exercitation ullamco laboris nisi ut aliquip ex ea commodo consequat.</p>\n<p>Lorem ipsum dolor sit amet, consectetur adipiscing elit, sed do eiusmod tempor incididunt ut labore et</p>\n</div>\n</div>\n      ",,,taxable,,1,,,0,0,,,,,1,,,,Skincare,"06 Cosmetic",,"https://enzian.la-studioweb.com/wp-content/uploads/2022/03/m6-prod-2.png, https://enzian.la-studioweb.com/wp-content/uploads/2022/03/m7-prod-7.png, https://enzian.la-studioweb.com/wp-content/uploads/2022/03/m7-prod-8.png, https://enzian.la-studioweb.com/wp-content/uploads/2022/03/m5-prod-4.png",,,,,,,,,0,default,,Color,"Black, Blue, Green",1,1,Size,"Large, Medium, Small",1,1
1834,simple,"REF. LA-1834","Sugar Lip Balm Sunscreen",1,0,visible,"Duis aute irure dolor in reprehenderit in voluptate velit esse cillum dolore eu fugiat nulla pariatur. Excepteur sint occaecat cupidatat non proident, sunt in culpa qui officia deserunt mollit anim id est laborum.","\n<div class=""product_desc-row"">\n<div class=""product_desc-img""><img class=""alignnone size-full wp-image-1695"" src=""https://enzian.la-studioweb.com/wp-content/uploads/2022/03/product-detail-1.png"" alt=""Enzian"" width=""546"" height=""516"" /></div>\n<div class=""product_desc-desc"">\n<h4>We Love Beauty</h4>\n<p>Lorem ipsum dolor sit amet, consectetur adipiscing elit, sed do eiusmod tempor incididunt ut labore et dolore magna aliqua. Ut enim ad minim veniam, quis nostrud exercitation ullamco laboris nisi ut aliquip ex ea commodo consequat.</p>\n<p>Lorem ipsum dolor sit amet, consectetur adipiscing elit, sed do eiusmod tempor incididunt ut labore et</p>\n</div>\n</div>\n      ",,,taxable,,1,,,0,0,,,,,1,,,20,Skincare,"06 Cosmetic",,https://enzian.la-studioweb.com/wp-content/uploads/2022/03/m6-prod-5.png,,,,,,,,,0,default,,Brand,"Chanel, Dior, Estée Lauder, Gillette, Guerlain, L’oréal, M.a.c, Yves Saint Laurent",0,1,,,,
1836,simple,"REF. LA-1836","Glow Dream Mask with Vitamin C",1,0,visible,"Duis aute irure dolor in reprehenderit in voluptate velit esse cillum dolore eu fugiat nulla pariatur. Excepteur sint occaecat cupidatat non proident, sunt in culpa qui officia deserunt mollit anim id est laborum.","<div class=""product_desc-row"">\n<div class=""product_desc-img""><img class=""alignnone size-full wp-image-1695"" src=""https://enzian.la-studioweb.com/wp-content/uploads/2022/03/product-detail-4.png"" alt=""Enzian"" width=""546"" height=""516"" /></div>\n<div class=""product_desc-desc"">\n<h4>We Love Beauty</h4>\nLorem ipsum dolor sit amet, consectetur adipiscing elit, sed do eiusmod tempor incididunt ut labore et dolore magna aliqua. Ut enim ad minim veniam, quis nostrud exercitation ullamco laboris nisi ut aliquip ex ea commodo consequat.\n\nLorem ipsum dolor sit amet, consectetur adipiscing elit, sed do eiusmod tempor incididunt ut labore et\n\n</div>\n</div>",,,taxable,,1,,,0,0,,,,,1,,,20,"Skincare, Wellness","06 Cosmetic",,"https://enzian.la-studioweb.com/wp-content/uploads/2022/03/m6-prod-4.png, https://enzian.la-studioweb.com/wp-content/uploads/2022/03/m2-prod-10.png",,,,,,,,,0,default,,Brand,"Chanel, Dior, Estée Lauder, Gillette, Guerlain, L’oréal, M.a.c, Yves Saint Laurent",0,1,,,,
1838,simple,"REF. LA-1838","Squalane + Vitamin C Rose Oil",1,0,visible,"Duis aute irure dolor in reprehenderit in voluptate velit esse cillum dolore eu fugiat nulla pariatur. Excepteur sint occaecat cupidatat non proident, sunt in culpa qui officia deserunt mollit anim id est laborum.","\n<div class=""product_desc-row"">\n<div class=""product_desc-img""><img class=""alignnone size-full wp-image-1695"" src=""https://enzian.la-studioweb.com/wp-content/uploads/2022/03/product-detail-3.png"" alt=""Enzian"" width=""546"" height=""516"" /></div>\n<div class=""product_desc-desc"">\n<h4>We Love Beauty</h4>\n<p>Lorem ipsum dolor sit amet, consectetur adipiscing elit, sed do eiusmod tempor incididunt ut labore et dolore magna aliqua. Ut enim ad minim veniam, quis nostrud exercitation ullamco laboris nisi ut aliquip ex ea commodo consequat.</p>\n<p>Lorem ipsum dolor sit amet, consectetur adipiscing elit, sed do eiusmod tempor incididunt ut labore et</p>\n</div>\n</div>\n      ",,,taxable,,1,,,0,0,,,,,1,,,20,"Body Care, Skincare, Wellness","06 Cosmetic",,https://enzian.la-studioweb.com/wp-content/uploads/2022/03/m6-prod-1.png,,,,,,,,,0,default,,Brand,"Chanel, Dior, Estée Lauder, Gillette, Guerlain, L’oréal, M.a.c, Yves Saint Laurent",0,1,,,,
1840,simple,"REF. LA-1840","ShineOn Iced Latte Lip Jelly Duo",1,0,visible,"Duis aute irure dolor in reprehenderit in voluptate velit esse cillum dolore eu fugiat nulla pariatur. Excepteur sint occaecat cupidatat non proident, sunt in culpa qui officia deserunt mollit anim id est laborum.","\n<div class=""product_desc-row"">\n<div class=""product_desc-img""><img class=""alignnone size-full wp-image-1695"" src=""https://enzian.la-studioweb.com/wp-content/uploads/2022/03/product-detail-2.png"" alt=""Enzian"" width=""546"" height=""516"" /></div>\n<div class=""product_desc-desc"">\n<h4>We Love Beauty</h4>\n<p>Lorem ipsum dolor sit amet, consectetur adipiscing elit, sed do eiusmod tempor incididunt ut labore et dolore magna aliqua. Ut enim ad minim veniam, quis nostrud exercitation ullamco laboris nisi ut aliquip ex ea commodo consequat.</p>\n<p>Lorem ipsum dolor sit amet, consectetur adipiscing elit, sed do eiusmod tempor incididunt ut labore et</p>\n</div>\n</div>\n      ",,,taxable,,1,,,0,0,,,,,1,,,20,Lipstick,"06 Cosmetic",,https://enzian.la-studioweb.com/wp-content/uploads/2022/03/m6-prod-3.png,,,,,,,,,0,default,,Brand,"Chanel, Dior, Estée Lauder, Gillette, Guerlain, L’oréal, M.a.c, Yves Saint Laurent",0,1,,,,
1846,simple,"REF. LA-1846","Glycerin Hand Mask",1,0,visible,"Duis aute irure dolor in reprehenderit in voluptate velit esse cillum dolore eu fugiat nulla pariatur. Excepteur sint occaecat cupidatat non proident, sunt in culpa qui officia deserunt mollit anim id est laborum.","\n<div class=""product_desc-row"">\n<div class=""product_desc-img""><img class=""alignnone size-full wp-image-1695"" src=""https://enzian.la-studioweb.com/wp-content/uploads/2022/03/product-detail-1.png"" alt=""Enzian"" width=""546"" height=""516"" /></div>\n<div class=""product_desc-desc"">\n<h4>We Love Beauty</h4>\n<p>Lorem ipsum dolor sit amet, consectetur adipiscing elit, sed do eiusmod tempor incididunt ut labore et dolore magna aliqua. Ut enim ad minim veniam, quis nostrud exercitation ullamco laboris nisi ut aliquip ex ea commodo consequat.</p>\n<p>Lorem ipsum dolor sit amet, consectetur adipiscing elit, sed do eiusmod tempor incididunt ut labore et</p>\n</div>\n</div>\n      ",,,taxable,,1,,,0,0,,,,,1,,,20,"Body Care","07 Hair &amp; Body",,https://enzian.la-studioweb.com/wp-content/uploads/2022/03/m7-prod-3.png,,,,,,,,,0,default,,Brand,"Chanel, Dior, Estée Lauder, Gillette, Guerlain, L’oréal, M.a.c, Yves Saint Laurent",0,1,,,,
1848,simple,"REF. LA-1848","Miracle Milk Leave-In Conditioner",1,0,visible,"Duis aute irure dolor in reprehenderit in voluptate velit esse cillum dolore eu fugiat nulla pariatur. Excepteur sint occaecat cupidatat non proident, sunt in culpa qui officia deserunt mollit anim id est laborum.","\n<div class=""product_desc-row"">\n<div class=""product_desc-img""><img class=""alignnone size-full wp-image-1695"" src=""https://enzian.la-studioweb.com/wp-content/uploads/2022/03/product-detail-4.png"" alt=""Enzian"" width=""546"" height=""516"" /></div>\n<div class=""product_desc-desc"">\n<h4>We Love Beauty</h4>\n<p>Lorem ipsum dolor sit amet, consectetur adipiscing elit, sed do eiusmod tempor incididunt ut labore et dolore magna aliqua. Ut enim ad minim veniam, quis nostrud exercitation ullamco laboris nisi ut aliquip ex ea commodo consequat.</p>\n<p>Lorem ipsum dolor sit amet, consectetur adipiscing elit, sed do eiusmod tempor incididunt ut labore et</p>\n</div>\n</div>\n      ",,,taxable,,1,,,0,0,,,,,1,,,20,"Body Care","07 Hair &amp; Body",,https://enzian.la-studioweb.com/wp-content/uploads/2022/03/m7-prod-5.png,,,,,,,,,0,default,,Brand,"Chanel, Dior, Estée Lauder, Gillette, Guerlain, L’oréal, M.a.c, Yves Saint Laurent",0,1,,,,
1850,simple,"REF. LA-1850","Repair Shampoo for Damaged Hair",1,0,visible,"Duis aute irure dolor in reprehenderit in voluptate velit esse cillum dolore eu fugiat nulla pariatur. Excepteur sint occaecat cupidatat non proident, sunt in culpa qui officia deserunt mollit anim id est laborum.","\n<div class=""product_desc-row"">\n<div class=""product_desc-img""><img class=""alignnone size-full wp-image-1695"" src=""https://enzian.la-studioweb.com/wp-content/uploads/2022/03/product-detail-3.png"" alt=""Enzian"" width=""546"" height=""516"" /></div>\n<div class=""product_desc-desc"">\n<h4>We Love Beauty</h4>\n<p>Lorem ipsum dolor sit amet, consectetur adipiscing elit, sed do eiusmod tempor incididunt ut labore et dolore magna aliqua. Ut enim ad minim veniam, quis nostrud exercitation ullamco laboris nisi ut aliquip ex ea commodo consequat.</p>\n<p>Lorem ipsum dolor sit amet, consectetur adipiscing elit, sed do eiusmod tempor incididunt ut labore et</p>\n</div>\n</div>\n      ",,,taxable,,1,,,0,0,,,,,1,,,20,"Body Care","07 Hair &amp; Body",,https://enzian.la-studioweb.com/wp-content/uploads/2022/03/m7-prod-6.png,,,,,,,,,0,default,,Brand,"Chanel, Dior, Estée Lauder, Gillette, Guerlain, L’oréal, M.a.c, Yves Saint Laurent",0,1,,,,
1852,simple,"REF. LA-1852","Vinopure Purifying Clay Mask",1,0,visible,"Duis aute irure dolor in reprehenderit in voluptate velit esse cillum dolore eu fugiat nulla pariatur. Excepteur sint occaecat cupidatat non proident, sunt in culpa qui officia deserunt mollit anim id est laborum.","\n<div class=""product_desc-row"">\n<div class=""product_desc-img""><img class=""alignnone size-full wp-image-1695"" src=""https://enzian.la-studioweb.com/wp-content/uploads/2022/03/product-detail-2.png"" alt=""Enzian"" width=""546"" height=""516"" /></div>\n<div class=""product_desc-desc"">\n<h4>We Love Beauty</h4>\n<p>Lorem ipsum dolor sit amet, consectetur adipiscing elit, sed do eiusmod tempor incididunt ut labore et dolore magna aliqua. Ut enim ad minim veniam, quis nostrud exercitation ullamco laboris nisi ut aliquip ex ea commodo consequat.</p>\n<p>Lorem ipsum dolor sit amet, consectetur adipiscing elit, sed do eiusmod tempor incididunt ut labore et</p>\n</div>\n</div>\n      ",,,taxable,,1,,,0,0,,,,,1,,,20,Skincare,"07 Skincare",,https://enzian.la-studioweb.com/wp-content/uploads/2022/03/m7-prod-8.png,,,,,,,,,0,default,,Brand,"Chanel, Dior, Estée Lauder, Gillette, Guerlain, L’oréal, M.a.c, Yves Saint Laurent",0,1,,,,
1854,simple,"REF. LA-1854","Soy Makeup Removing Face Wash",1,0,visible,"Duis aute irure dolor in reprehenderit in voluptate velit esse cillum dolore eu fugiat nulla pariatur. Excepteur sint occaecat cupidatat non proident, sunt in culpa qui officia deserunt mollit anim id est laborum.","\n<div class=""product_desc-row"">\n<div class=""product_desc-img""><img class=""alignnone size-full wp-image-1695"" src=""https://enzian.la-studioweb.com/wp-content/uploads/2022/03/product-detail-1.png"" alt=""Enzian"" width=""546"" height=""516"" /></div>\n<div class=""product_desc-desc"">\n<h4>We Love Beauty</h4>\n<p>Lorem ipsum dolor sit amet, consectetur adipiscing elit, sed do eiusmod tempor incididunt ut labore et dolore magna aliqua. Ut enim ad minim veniam, quis nostrud exercitation ullamco laboris nisi ut aliquip ex ea commodo consequat.</p>\n<p>Lorem ipsum dolor sit amet, consectetur adipiscing elit, sed do eiusmod tempor incididunt ut labore et</p>\n</div>\n</div>\n      ",,,taxable,,1,,,0,0,,,,,1,,,20,Skincare,"07 Skincare",,https://enzian.la-studioweb.com/wp-content/uploads/2022/03/m7-prod-2.png,,,,,,,,,0,default,,Brand,"Chanel, Dior, Estée Lauder, Gillette, Guerlain, L’oréal, M.a.c, Yves Saint Laurent",0,1,,,,
1856,simple,"REF. LA-1856","Makeup Removing Cleanser",1,0,visible,"Duis aute irure dolor in reprehenderit in voluptate velit esse cillum dolore eu fugiat nulla pariatur. Excepteur sint occaecat cupidatat non proident, sunt in culpa qui officia deserunt mollit anim id est laborum.","\n<div class=""product_desc-row"">\n<div class=""product_desc-img""><img class=""alignnone size-full wp-image-1695"" src=""https://enzian.la-studioweb.com/wp-content/uploads/2022/03/product-detail-4.png"" alt=""Enzian"" width=""546"" height=""516"" /></div>\n<div class=""product_desc-desc"">\n<h4>We Love Beauty</h4>\n<p>Lorem ipsum dolor sit amet, consectetur adipiscing elit, sed do eiusmod tempor incididunt ut labore et dolore magna aliqua. Ut enim ad minim veniam, quis nostrud exercitation ullamco laboris nisi ut aliquip ex ea commodo consequat.</p>\n<p>Lorem ipsum dolor sit amet, consectetur adipiscing elit, sed do eiusmod tempor incididunt ut labore et</p>\n</div>\n</div>\n      ",,,taxable,,1,,,0,0,,,,,1,,,20,Skincare,"07 Skincare",,https://enzian.la-studioweb.com/wp-content/uploads/2022/03/m7-prod-7.png,,,,,,,,,0,default,,Brand,"Chanel, Dior, Estée Lauder, Gillette, Guerlain, L’oréal, M.a.c, Yves Saint Laurent",0,1,,,,
1858,simple,"REF. LA-1858","Neo Nude Foundation",1,0,visible,"Duis aute irure dolor in reprehenderit in voluptate velit esse cillum dolore eu fugiat nulla pariatur. Excepteur sint occaecat cupidatat non proident, sunt in culpa qui officia deserunt mollit anim id est laborum.","\n<div class=""product_desc-row"">\n<div class=""product_desc-img""><img class=""alignnone size-full wp-image-1695"" src=""https://enzian.la-studioweb.com/wp-content/uploads/2022/03/product-detail-3.png"" alt=""Enzian"" width=""546"" height=""516"" /></div>\n<div class=""product_desc-desc"">\n<h4>We Love Beauty</h4>\n<p>Lorem ipsum dolor sit amet, consectetur adipiscing elit, sed do eiusmod tempor incididunt ut labore et dolore magna aliqua. Ut enim ad minim veniam, quis nostrud exercitation ullamco laboris nisi ut aliquip ex ea commodo consequat.</p>\n<p>Lorem ipsum dolor sit amet, consectetur adipiscing elit, sed do eiusmod tempor incididunt ut labore et</p>\n</div>\n</div>\n      ",,,taxable,,1,,,0,0,,,,,1,,,20,Makeup,"07 Makeup",,https://enzian.la-studioweb.com/wp-content/uploads/2022/03/m7-prod-1.png,,,,,,,,,0,default,,Brand,"Chanel, Dior, Estée Lauder, Gillette, Guerlain, L’oréal, M.a.c, Yves Saint Laurent",0,1,,,,
1860,simple,"REF. LA-1860","Glow Tinted Moisturizer",1,0,visible,"Duis aute irure dolor in reprehenderit in voluptate velit esse cillum dolore eu fugiat nulla pariatur. Excepteur sint occaecat cupidatat non proident, sunt in culpa qui officia deserunt mollit anim id est laborum.","\n<div class=""product_desc-row"">\n<div class=""product_desc-img""><img class=""alignnone size-full wp-image-1695"" src=""https://enzian.la-studioweb.com/wp-content/uploads/2022/03/product-detail-2.png"" alt=""Enzian"" width=""546"" height=""516"" /></div>\n<div class=""product_desc-desc"">\n<h4>We Love Beauty</h4>\n<p>Lorem ipsum dolor sit amet, consectetur adipiscing elit, sed do eiusmod tempor incididunt ut labore et dolore magna aliqua. Ut enim ad minim veniam, quis nostrud exercitation ullamco laboris nisi ut aliquip ex ea commodo consequat.</p>\n<p>Lorem ipsum dolor sit amet, consectetur adipiscing elit, sed do eiusmod tempor incididunt ut labore et</p>\n</div>\n</div>\n      ",,,taxable,,1,,,0,0,,,,,1,,,20,Makeup,"07 Makeup",,https://enzian.la-studioweb.com/wp-content/uploads/2022/03/m7-prod-4.png,,,,,,,,,0,default,,Brand,"Chanel, Dior, Estée Lauder, Gillette, Guerlain, L’oréal, M.a.c, Yves Saint Laurent",0,1,,,,
1862,simple,"REF. LA-1862","Neo Nude Foundation",1,0,visible,"Duis aute irure dolor in reprehenderit in voluptate velit esse cillum dolore eu fugiat nulla pariatur. Excepteur sint occaecat cupidatat non proident, sunt in culpa qui officia deserunt mollit anim id est laborum.","\n<div class=""product_desc-row"">\n<div class=""product_desc-img""><img class=""alignnone size-full wp-image-1695"" src=""https://enzian.la-studioweb.com/wp-content/uploads/2022/03/product-detail-1.png"" alt=""Enzian"" width=""546"" height=""516"" /></div>\n<div class=""product_desc-desc"">\n<h4>We Love Beauty</h4>\n<p>Lorem ipsum dolor sit amet, consectetur adipiscing elit, sed do eiusmod tempor incididunt ut labore et dolore magna aliqua. Ut enim ad minim veniam, quis nostrud exercitation ullamco laboris nisi ut aliquip ex ea commodo consequat.</p>\n<p>Lorem ipsum dolor sit amet, consectetur adipiscing elit, sed do eiusmod tempor incididunt ut labore et</p>\n</div>\n</div>\n      ",,,taxable,,1,,,0,0,,,,,1,,,20,Makeup,"07 Makeup",,https://enzian.la-studioweb.com/wp-content/uploads/2022/03/m7-prod-9.png,,,,,,,,,0,default,,Brand,"Chanel, Dior, Estée Lauder, Gillette, Guerlain, L’oréal, M.a.c, Yves Saint Laurent",0,1,,,,
1874,variation,,"Gentle Exfoliating Cleanser",1,0,visible,,,,,taxable,parent,1,,,0,0,,,,,0,,,50,,,,,,,"REF. LA-1832",,,,,,0,,,Color,,,1,Size,,,1
